insert into store values ('100001', '월곡나루', '서울특별시 성북구 월곡로22번길 33', '02-111-1111');
insert into store values ('100002', '신창', '충청남도 아산시 신창면 유구읍27', '041-123-4567');
insert into store values ('100003', '온양온천역', '충청남도 아산시 온양로1번길 13', '041-987-6543');
insert into store values ('100004', '대전엑스포', '대전광역시 유성구 엑스포로 14', '042-222-7733');
insert into store values ('100005', '문화공원', '대전광역시 중구 문화동 103-25', '042-542-0090');
insert into store values ('100006', '글꽃중', '대전광역시 중구 문화동 11-5', '042-591-1693');
insert into store values ('100007', '충무로', '서울특별시 동대문구 충무로44 1', '02-930-1341');
insert into store values ('100008', '여의나루', '서울특별시 강남구 여의나루로 111-1', '02-140-4590');
insert into store values ('100009', '당진IC', '충청남도 당진시 송악읍 서해로25', '041-794-1004');
insert into store values ('100010', '캐슬어울림', '충청남도 아산시 모종로22번길 33', '041-543-6936');
select * from store;
    
insert into employee values (1, '김철수', '사원', 125000);
insert into employee values (2, '영희', '사원', 130000);
insert into employee values (3, '주예수', '관리자', 205000);
insert into employee values (4, '석부처', '관리자', 250000);
insert into employee values (5, '강나영', '사원', 105000);
insert into employee values (6, '성민경', '관리자', 195000);
insert into employee values (7, '이알라', '사원', 112000);
insert into employee values (8, '박하니', '사원', 185000);
insert into employee values (9, '강해린', '사원', 100400);
insert into employee values (10, '김민지', '사원', 197000);
insert into employee values (11, '이혜인', '관리자', 198500);
insert into employee values (12, '민희진', '사원', 117000);
insert into employee values (13, '이용복', '관리자', 187000);
insert into employee values (14, '김원빈', '관리자', 155000);
insert into employee values (15, '정성찬', '사원', 107000);
insert into employee values (16, '박찬영', '사원', 110000);
insert into employee values (17, '쇼타로', '사원', 111000);
insert into employee values (18, '최연준', '관리자', 200000);
insert into employee values (19, '최수빈', '사원', 162000);
insert into employee values (20, '강태현', '사원', 135000);
insert into employee values (21, '최범규', '사원', 137000);
insert into employee values (22, '나재민', '사원', 114500);
select * from employee;
    
insert into distriCenter values ('200001', '동탄hub', '경기도 화성시 동탄반석로 193', '031-140-0622');
insert into distriCenter values ('200002', '진주hub', '경상남도 진주시 천수로 146', '055-761-8743');
insert into distriCenter values ('200003', '곤지암hub', '경기도 광주시 곤지암읍 곤지암로 82', '031-544-4747');
insert into distriCenter values ('200004', '옥천hub', '충청북도 옥천군 옥천읍 옥천로 1624', '043-057-8413');
insert into distriCenter values ('200005', '수원hub', '경기도 수원시 장안구 경수대로 893', '031-683-8452');
insert into distriCenter values ('200006', '창원hub', '경상남도 창원시 의창구 창원대학로 20', '055-355-9135');
insert into distriCenter values ('200007', '익산hub', '전라북도 익산시 동서로10길 35-1', '063-644-0739');
insert into distriCenter values ('200008', '춘천hub', '강원도 춘천시 남춘로 54', '033-442-8077');
insert into distriCenter values ('200009', '제주hub', '제주특별자치도 제주시 516로 2870', '064-862-8782');
insert into distriCenter values ('200010', '문경hub', '경상북도 문경시 문경읍 문경대로 2416', '054-813-4012');
select * from distriCenter;
    
insert into consumer values ('300001', '안새벽', '충청남도 서산시 대산읍 구진로 32-30 31909 한국','041-517-2605');
insert into consumer values ('300002', '정철', '충청남도 홍성군 구항면 백야로246번길 265 32215 한국', '041-840-6646');
insert into consumer values ('300003', '백경태', '강원도 홍천군 서면 마곡길 530', '033-254-2007');
insert into consumer values ('300004', '문병욱', '경상북도 울진군 기성면 황보길 14', '054-948-6583');
insert into consumer values ('300005', '한다운', '경기도 안양시 만안구 일직로94번길 15', '031-345-9969');
insert into consumer values ('300006', '김여름', '경기도 포천시 영북면 영북로 218', '031-410-6904');
insert into consumer values ('300007', '강서윤', '강원도 동해시 평원6길 10', '033-818-7212');
insert into consumer values ('300008', '백혁', '경상북도 포항시 남구 오천읍 해병로241번길 17-9', '054-113-1573');
insert into consumer values ('300009', '백마리', '경기도 수원시 권선구 서부로1566번길 11', '031-112-6235');
insert into consumer values ('300010', '이한결', '인천광역시 서구 석곶로8번길 14-1', '032-454-5144');
select * from consumer;
    
insert into product values ('400001', '롤업젤리', NULL);
insert into product values ('400002', '마라탕키트', NULL);
insert into product values ('400003', '창녕양파버거', '400005');
insert into product values ('400004', '반숙계란장삼각김밥', NULL);
insert into product values ('400005', '토레타제로', NULL);
insert into product values ('400006', '스리라차소스', '400008');
insert into product values ('400007', '후라보노', NULL);
insert into product values ('400008', '케찹', NULL);
insert into product values ('400009', '곤약젤리', NULL);
insert into product values ('400010', '스팸', NULL);
select * from product;
    
insert into delivMan values ('500001', '홍승현', '010-792-9019');
insert into delivMan values ('500002', '심준서', '010-657-3906');
insert into delivMan values ('500003', '나태오', '010-722-6896');
insert into delivMan values ('500004', '하로운', '010-841-5272');
insert into delivMan values ('500005', '하예성', '010-987-3475');
insert into delivMan values ('500006', '성준우', '010-873-9602');
insert into delivMan values ('500007', '박지훈', '010-127-4207');
insert into delivMan values ('500008', '유수호', '010-307-8166');
insert into delivMan values ('500009', '손시윤', '010-464-9056');
insert into delivMan values ('500010', '임채원', '010-044-3403');
select * from delivMan;
    
insert into takeBack values (1, '400005', '2024-06-23', '단순변심');
insert into takeBack values (2, '400008', '2024-07-02', '상품불량');
insert into takeBack values (3, '400005', '2024-10-08', '기타');
insert into takeBack values (4, '400001', '2024-06-12', '소비기한만료');
insert into takeBack values (5, '400001', '2024-02-28', '기타');
insert into takeBack values (6, '400010', '2024-02-28', '소비기한만료');
insert into takeBack values (7, '400001', '2024-06-15', '단순변심');
insert into takeBack values (8, '400001', '2024-09-30', '단순변심');
insert into takeBack values (9, '400007', '2024-02-28', '상품불량');
insert into takeBack values (10, '400002', '2024-05-28', '단순변심');
select * from takeBack;
    
insert ignore into supply values ('400001', '100002', '200002');
insert ignore into supply values ('400002', '100002', '200007');
insert ignore into supply values ('400003', '100008', '200008');
insert ignore into supply values ('400004', '100010', '200001');
insert ignore into supply values ('400005', '100010', '200010');
insert ignore into supply values ('400006', '100004', '200006');
insert ignore into supply values ('400007', '100007', '200004');
insert ignore into supply values ('400008', '100005', '200007');
insert ignore into supply values ('400009', '100009', '200005');
insert ignore into supply values ('400010', '100001', '200009');
select * from supply;
    
insert into storeWork values ('100001', '3', '3');
insert into storeWork values ('100005', '1', '6');
insert into storeWork values ('100006', '11', '11');
insert into storeWork values ('100005', '6', '6');
insert into storeWork values ('100001', '7', '3');
insert into storeWork values ('100002', '4', '4');
insert into storeWork values ('100002', '8', '4');
insert into storeWork values ('100005', '5', '6');
insert into storeWork values ('100006', '10', '11');
insert into storeWork values ('100002', '2', '4');
select * from storeWork;
    
insert into centerWork values ('200008', '13', '13');
insert into centerWork values ('200008', '15', '13');
insert into centerWork values ('200008', '16', '13');
insert into centerWork values ('200010', '14', '14');
insert into centerWork values ('200010', '17', '14');
insert into centerWork values ('200010', '12', '14');
insert into centerWork values ('200010', '19', '14');
insert into centerWork values ('200010', '20', '14');
insert into centerWork values ('200005', '18', '18');
insert into centerWork values ('200005', '21', '18');
select * from centerWork;
    
insert into reservation (consumID, delivID, reservDate) values ('300001', '500001', '2024-10-22');
insert into reservation (consumID, delivID, reservDate) values ('300001', '500002', '2024-10-02');
insert into reservation (consumID, delivID, reservDate) values ('300001', '500007', '2024-06-20');
insert into reservation (consumID, delivID, reservDate) values ('300005', '500003', '2024-02-28');
insert into reservation (consumID, delivID, reservDate) values ('300006', '500008', '2024-01-07');
insert into reservation (consumID, delivID, reservDate) values ('300007', '500008', '2024-11-16');
insert into reservation (consumID, delivID, reservDate) values ('300007', '500004', '2024-07-02');
insert into reservation (consumID, delivID, reservDate) values ('300008', '500008', '2024-01-18');
insert into reservation (consumID, delivID, reservDate) values ('300008', '500009', '2024-06-21');
insert into reservation (consumID, delivID, reservDate) values ('300008', '500010', '2024-08-11');
select * from reservation;
